{"cameraMode":{"drawMode":0,"name":"Shaded","section":"Shading Mode"},"sceneLighting":true,"audioPlay":false,"sceneViewState":{"showFog":true,"showMaterialUpdate":false,"showSkybox":true,"showFlares":true,"showImageEffects":true,"showParticleSystems":true},"in2DMode":false,"pivot":{"x":18.30682945251465,"y":3.0180039405822756,"z":-103.08460998535156},"rotation":{"x":0.0055667380802333359,"y":-0.9944247007369995,"z":0.07653214782476425,"w":0.07232782989740372},"size":27.23275375366211,"orthographic":false}